year,month,bidding_no,vehicle_class,quota,bids_success,bids_received,premium,CPI
2010,2010-01,1,Category A,1152,1145,1342,18502,87.408
2010,2010-01,1,Category B,687,679,883,19190,87.408
2010,2010-01,1,Category C,173,173,265,19001,87.408
2010,2010-01,1,Category D,373,365,509,889,87.408
2010,2010-01,1,Category E,586,567,1011,19889,87.408
2010,2010-01,2,Category A,1151,1149,1673,20501,87.408
2010,2010-01,2,Category B,717,717,1105,22400,87.408
2010,2010-01,2,Category C,181,173,280,20090,87.408
2010,2010-01,2,Category D,378,378,551,852,87.408
2010,2010-01,2,Category E,588,579,1322,21899,87.408
2010,2010-02,1,Category A,1154,1153,1326,19989,87.408
2010,2010-02,1,Category B,693,690,930,23180,87.408
2010,2010-02,1,Category C,165,162,250,21390,87.408
2010,2010-02,1,Category D,371,349,525,852,87.408
2010,2010-02,1,Category E,601,596,1069,22401,87.408
2010,2010-02,2,Category A,-1148,1148,1493,20340,87.408
2010,2010-02,2,Category B,685,658,956,23889,87.408
2010,2010-02,2,Category C,173,170,285,23501,87.408
2010,2010-02,2,Category D,363,355,472,1001,87.408
2010,2010-02,2,Category E,590,587,1255,24229,87.408
2010,2010-03,1,Category A,1148,1141,1758,20802,87.408
2010,2010-03,1,Category B,688,667,1087,26389,87.408
2010,2010-03,1,Category C,168,164,257,27001,87.408
2010,2010-03,1,Category D,385,383,467,1159,87.408
2010,2010-03,1,Category E,587,575,1184,27590,87.408
2010,2010-03,2,Category A,1146,1137,2183,28389,87.408
2010,2010-03,2,Category B,711,699,1207,36089,87.408
2010,2010-03,2,Category C,168,141,341,32890,87.408
2010,2010-03,2,Category D,371,368,495,1200,87.408
2010,2010-03,2,Category E,584,554,1507,42001,87.408
2010,2010-04,1,Category A,705,597,1379,34001,87.408
2010,2010-04,1,Category B,571,571,858,45501,87.408
2010,2010-04,1,Category C,180,167,329,36511,87.408
2010,2010-04,1,Category D,338,334,409,1221,87.408
2010,2010-04,1,Category E,372,328,856,49000,87.408
2010,2010-04,2,Category A,706,704,1242,30000,87.408
2010,2010-04,2,Category B,561,549,896,40001,87.408
2010,2010-04,2,Category C,203,203,298,35556,87.408
2010,2010-04,2,Category D,339,311,383,1253,87.408
2010,2010-04,2,Category E,390,383,709,43003,87.408
2010,2010-05,1,Category A,806,798,1294,26102,87.408
2010,2010-05,1,Category B,550,547,869,38000,87.408
2010,2010-05,1,Category C,189,187,329,32501,87.408
2010,2010-05,1,Category D,340,317,415,1252,87.408
2010,2010-05,1,Category E,404,403,857,39002,87.408
2010,2010-05,2,Category A,699,697,1036,27389,87.408
2010,2010-05,2,Category B,561,553,715,34600,87.408
2010,2010-05,2,Category C,176,170,296,29389,87.408
2010,2010-05,2,Category D,364,360,468,1312,87.408
2010,2010-05,2,Category E,367,365,608,39000,87.408
2010,2010-06,1,Category A,706,704,1107,30051,87.408
2010,2010-06,1,Category B,553,546,779,40002,87.408
2010,2010-06,1,Category C,178,177,273,30189,87.408
2010,2010-06,1,Category D,359,344,504,1452,87.408
2010,2010-06,1,Category E,361,322,639,41000,87.408
2010,2010-06,2,Category A,699,697,902,31510,87.408
2010,2010-06,2,Category B,557,554,720,39911,87.408
2010,2010-06,2,Category C,182,175,253,31689,87.408
2010,2010-06,2,Category D,340,339,376,1454,87.408
2010,2010-06,2,Category E,362,359,682,41006,87.408
2010,2010-07,1,Category A,700,676,893,29501,87.408
2010,2010-07,1,Category B,557,557,671,35909,87.408
2010,2010-07,1,Category C,177,176,277,31389,87.408
2010,2010-07,1,Category D,351,347,476,1320,87.408
2010,2010-07,1,Category E,399,399,660,41010,87.408
2010,2010-07,2,Category A,699,691,967,36162,87.408
2010,2010-07,2,Category B,552,548,890,42889,87.408
2010,2010-07,2,Category C,183,182,285,30601,87.408
2010,2010-07,2,Category D,337,334,372,1290,87.408
2010,2010-07,2,Category E,363,357,725,43565,87.408
2010,2010-08,1,Category A,622,589,786,32104,87.408
2010,2010-08,1,Category B,479,479,662,43334,87.408
2010,2010-08,1,Category C,205,205,284,30112,87.408
2010,2010-08,1,Category D,336,326,384,1301,87.408
2010,2010-08,1,Category E,309,308,594,42901,87.408
2010,2010-08,2,Category A,606,606,975,1,87.408
2010,2010-08,2,Category B,482,472,683,42810,87.408
2010,2010-08,2,Category C,206,205,275,30002,87.408
2010,2010-08,2,Category D,335,330,369,1251,87.408
2010,2010-08,2,Category E,315,315,583,43501,87.408
2010,2010-09,1,Category A,631,628,775,33089,87.408
2010,2010-09,1,Category B,479,479,757,44129,87.408
2010,2010-09,1,Category C,204,190,291,33000,87.408
2010,2010-09,1,Category D,342,329,453,1502,87.408
2010,2010-09,1,Category E,310,308,460,44001,87.408
2010,2010-09,2,Category A,597,547,993,30001,87.408
2010,2010-09,2,Category B,488,488,648,42501,87.408
2010,2010-09,2,Category C,206,201,271,31001,87.408
2010,2010-09,2,Category D,338,337,364,1452,87.408
2010,2010-09,2,Category E,309,307,520,43290,87.408
2010,2010-10,1,Category A,601,601,722,33132,87.408
2010,2010-10,1,Category B,479,476,630,42801,87.408
2010,2010-10,1,Category C,218,217,287,30889,87.408
2010,2010-10,1,Category D,345,320,422,1502,87.408
2010,2010-10,1,Category E,311,304,518,44090,87.408
2010,2010-10,2,Category A,647,647,817,32415,87.408
2010,2010-10,2,Category B,479,478,766,44600,87.408
2010,2010-10,2,Category C,210,210,287,30511,87.408
2010,2010-10,2,Category D,333,304,430,1689,87.408
2010,2010-10,2,,311,287,455,44900,87.408
2010,2010-11,1,Category A,598,598,843,34001,87.408
2010,2010-11,1,Category B,482,482,718,45501,87.408
2010,2010-11,1,Category C,205,201,270,31006,87.408
2010,2010-11,1,Category D,357,352,414,1452,87.408
2010,2010-11,1,Category E,316,312,497,46001,87.408
2010,2010-11,2,Category A,597,577,833,39000,87.408
2010,2010-11,2,Category B,480,459,709,47890,87.408
2010,2010-11,2,Category C,205,202,241,31202,87.408
2010,2010-11,2,Category D,361,324,424,1502,87.408
2010,2010-11,2,Category E,333,332,634,49890,87.408
2010,2010-12,1,Category A,598,582,1020,47604,87.408
2010,2010-12,1,Category B,479,477,1034,62502,87.408
2010,2010-12,1,Category C,208,207,294,32001,87.408
2010,2010-12,1,Category D,337,329,410,1701,87.408
2010,2010-12,1,Category E,313,313,674,64900,87.408
2010,2010-12,2,Category A,617,607,755,46129,87.408
2010,2010-12,2,Category B,499,494,872,72001,87.408
2010,2010-12,2,Category C,208,205,300,33501,87.408
2010,2010-12,2,Category D,369,362,406,1551,87.408
2010,2010-12,2,Category E,311,302,463,76102,87.408
2011,2011-01,1,Category A,614,602,1192,38889,91.995
2011,2011-01,1,Category B,481,474,790,69000,91.995
2011,2011-01,1,Category C,205,205,294,35111,91.995
2011,2011-01,1,Category D,340,337,398,1503,91.995
2011,2011-01,1,Category E,309,305,475,75789,91.995
2011,2011-01,2,Category A,607,606,1091,40123,91.995
2011,2011-01,2,Category B,483,482,700,58910,91.995
2011,2011-01,2,Category C,207,196,272,30000,91.995
2011,2011-01,2,Category D,339,335,458,1690,91.995
2011,2011-01,2,Category E,319,312,433,67009,91.995
2011,2011-02,1,Category A,523,501,1146,37124,91.995
2011,2011-02,1,Category B,431,431,640,53400,91.995
2011,2011-02,1,Category C,275,275,356,28589,91.995
2011,2011-02,1,Category D,328,328,417,1819,91.995
2011,2011-02,1,Category E,333,326,648,58890,91.995
2011,2011-02,2,Category A,511,494,788,42999,91.995
2011,2011-02,2,Category B,424,423,726,62000,91.995
2011,2011-02,2,Category C,287,282,368,29011,91.995
2011,2011-02,2,Category D,330,294,461,2001,91.995
2011,2011-02,2,Category E,336,335,558,62001,91.995
2011,2011-03,1,Category A,532,530,875,42600,91.995
2011,2011-03,1,Category B,424,423,667,61894,91.995
2011,2011-03,1,Category C,276,276,360,30001,91.995
2011,2011-03,1,Category D,325,310,490,2604,91.995
2011,2011-03,1,Category E,336,324,574,62010,91.995
2011,2011-03,2,Category A,527,472,927,43813,91.995
2011,2011-03,2,Category B,424,424,579,57002,91.995
2011,2011-03,2,Category C,281,279,371,29690,91.995
2011,2011-03,2,Category D,362,362,429,2534,91.995
2011,2011-03,2,Category E,330,330,458,59073,91.995
2011,2011-04,1,Category A,512,511,813,43212,91.995
2011,2011-04,1,Category B,425,410,542,55001,91.995
2011,2011-04,1,Category C,276,275,316,28189,91.995
2011,2011-04,1,Category D,340,335,500,2490,91.995
2011,2011-04,1,Category E,341,340,454,57100,91.995
2011,2011-04,2,Category A,565,552,964,44000,91.995
2011,2011-04,2,Category B,423,422,627,56801,91.995
2011,2011-04,2,Category C,277,269,346,23900,91.995
2011,2011-04,2,Category D,326,326,478,2502,91.995
2011,2011-04,2,Category E,330,329,484,56001,91.995
2011,2011-05,1,Category A,511,511,944,44790,91.995
2011,2011-05,1,Category B,439,439,650,56011,91.995
2011,2011-05,1,Category C,277,277,366,21889,91.995
2011,2011-05,1,Category D,330,328,481,2253,91.995
2011,2011-05,1,Category E,330,321,498,56490,91.995
2011,2011-05,2,Category A,523,521,760,46989,91.995
2011,2011-05,2,Category B,424,424,564,56300,91.995
2011,2011-05,2,Category C,283,279,381,22989,91.995
2011,2011-05,2,Category D,326,324,486,2013,91.995
2011,2011-05,2,Category E,331,322,470,56889,91.995
2011,2011-06,1,Category A,510,506,880,53390,91.995
2011,2011-06,1,Category B,424,403,759,63000,91.995
2011,2011-06,1,Category C,276,276,457,29006,91.995
2011,2011-06,1,Category D,327,327,507,2491,91.995
2011,2011-06,1,Category E,338,295,530,62000,91.995
2011,2011-06,2,Category A,512,512,715,50244,91.995
2011,2011-06,2,Category B,423,410,684,67700,91.995
2011,2011-06,2,Category C,279,270,391,31089,91.995
2011,2011-06,2,Category D,328,322,367,2290,91.995
2011,2011-06,2,Category E,339,334,468,65490,91.995
2011,2011-07,1,Category A,514,497,839,55989,91.995
2011,2011-07,1,Category B,445,444,728,68501,91.995
2011,2011-07,1,Category C,276,276,375,32590,91.995
2011,2011-07,1,Category D,325,323,369,2360,91.995
2011,2011-07,1,Category E,372,342,509,68811,91.995
2011,2011-07,2,Category A,510,501,776,56002,91.995
2011,2011-07,2,Category B,436,436,626,72501,91.995
2011,2011-07,2,Category C,284,281,393,34502,91.995
2011,2011-07,2,Category D,332,332,496,2012,91.995
2011,2011-07,2,Category E,335,328,459,74490,91.995
2011,2011-08,1,Category A,566,566,1034,48801,91.995
2011,2011-08,1,Category B,354,349,469,70890,91.995
2011,2011-08,1,Category C,241,239,383,34009,91.995
2011,2011-08,1,Category D,390,390,470,1890,91.995
2011,2011-08,1,Category E,360,360,488,70117,91.995
2011,2011-08,2,Category A,557,557,927,49301,91.995
2011,2011-08,2,Category B,353,353,527,65521,91.995
2011,2011-08,2,Category C,245,237,367,32289,91.995
2011,2011-08,2,Category D,387,382,471,1999,91.995
2011,2011-08,2,Category E,337,335,516,67000,91.995
2011,2011-09,1,Category A,548,547,794,51000,91.995
2011,2011-09,1,Category B,359,356,496,63002,91.995
2011,2011-09,1,Category C,243,236,328,31900,91.995
2011,2011-09,1,Category D,388,382,532,2339,91.995
2011,2011-09,1,Category E,330,329,466,65589,91.995
2011,2011-09,2,Category A,548,531,951,48006,91.995
2011,2011-09,2,Category B,353,353,469,64889,91.995
2011,2011-09,2,Category C,250,248,325,30089,91.995
2011,2011-09,2,Category D,392,392,492,2109,91.995
2011,2011-09,2,Category E,332,332,449,62502,91.995
2011,2011-10,1,Category A,549,549,793,50289,91.995
2011,2011-10,1,Category B,356,353,524,63600,91.995
2011,2011-10,1,Category C,249,247,348,32801,91.995
2011,2011-10,1,Category D,394,394,486,2078,91.995
2011,2011-10,1,Category E,331,331,452,65058,91.995
2011,2011-10,2,Category A,565,554,873,56112,91.995
2011,2011-10,2,Category B,353,353,633,75889,91.995
2011,2011-10,2,Category C,244,229,354,37011,91.995
2011,2011-10,2,Category D,387,380,486,2091,91.995
2011,2011-10,2,Category E,330,306,518,73600,91.995
2011,2011-11,1,Category A,548,547,766,55997,91.995
2011,2011-11,1,Category B,356,355,551,77000,91.995
2011,2011-11,1,Category C,244,244,365,40803,91.995
2011,2011-11,1,Category D,388,359,429,2012,91.995
2011,2011-11,1,Category E,330,311,507,78001,91.995
2011,2011-11,2,Category A,559,541,756,54887,91.995
2011,2011-11,2,Category B,353,338,518,77340,91.995
2011,2011-11,2,Category C,256,248,335,40189,91.995
2011,2011-11,2,Category D,394,389,469,1889,91.995
2011,2011-11,2,Category E,355,352,496,75889,91.995
2011,2011-12,1,Category A,549,543,781,52392,91.995
2011,2011-12,1,Category B,354,351,474,72350,91.995
2011,2011-12,1,Category C,242,242,334,40009,91.995
2011,2011-12,1,Category D,416,415,451,1902,91.995
2011,2011-12,1,Category E,349,335,489,74340,91.995
2011,2011-12,2,Category A,566,457,878,50001,91.995
2011,2011-12,2,Category B,368,368,464,70003,91.995
2011,2011-12,2,Category C,249,249,361,39589,91.995
2011,2011-12,2,Category D,392,386,456,1481,91.995
2011,2011-12,2,Category E,334,285,521,71000,91.995
2012,2012-01,1,Category A,554,554,901,46889,96.205
2012,2012-01,1,Category B,356,356,511,65801,96.205
2012,2012-01,1,Category C,242,239,357,38699,96.205
2012,2012-01,1,Category D,388,386,434,1682,96.205
2012,2012-01,1,Category E,344,341,530,65700,96.205
2012,2012-01,2,Category A,657,652,903,48112,96.205
2012,2012-01,2,Category B,353,351,537,67889,96.205
2012,2012-01,2,Category C,241,236,405,44001,96.205
2012,2012-01,2,Category D,393,390,517,1552,96.205
2012,2012-01,2,Category E,380,375,538,67101,96.205
2012,2012-02,1,Category A,619,571,1058,52809,96.205
2012,2012-02,1,Category B,350,346,635,73890,96.205
2012,2012-02,1,Category C,162,158,307,49801,96.205
2012,2012-02,1,Category D,412,409,512,1802,96.205
2012,2012-02,1,Category E,312,312,425,73801,96.205
2012,2012-02,2,Category A,624,607,1017,57009,96.205
2012,2012-02,2,Category B,351,348,580,78189,96.205
2012,2012-02,2,Category C,164,149,248,52004,96.205
2012,2012-02,2,Category D,413,389,509,2012,96.205
2012,2012-02,2,Category E,314,296,507,78000,96.205
2012,2012-03,1,Category A,667,649,912,56551,96.205
2012,2012-03,1,Category B,354,352,626,79304,96.205
2012,2012-03,1,Category C,163,159,247,50009,96.205
2012,2012-03,1,Category D,413,407,474,1490,96.205
2012,2012-03,1,Category E,309,309,492,76881,96.205
2012,2012-03,2,Category A,636,626,1067,56501,96.205
2012,2012-03,2,Category B,352,352,529,82003,96.205
2012,2012-03,2,Category C,174,174,241,51511,96.205
2012,2012-03,2,Category D,434,433,584,2000,96.205
2012,2012-03,2,Category E,327,327,449,80101,96.205
2012,2012-04,1,Category A,637,615,960,58501,96.205
2012,2012-04,1,Category B,352,348,483,83700,96.205
2012,2012-04,1,Category C,163,163,222,53989,96.205
2012,2012-04,1,Category D,416,416,542,1896,96.205
2012,2012-04,1,Category E,309,307,413,84590,96.205
2012,2012-04,2,Category A,629,618,1011,64201,96.205
2012,2012-04,2,Category B,349,349,200,91000,96.205
2012,2012-04,2,Category C,160,158,261,57589,96.205
2012,2012-04,2,Category D,411,411,526,1924,96.205
2012,2012-04,2,Category E,308,295,447,92010,96.205
2012,2012-05,1,Category A,641,593,822,62600,96.205
2012,2012-05,1,Category B,354,354,545,92050,96.205
2012,2012-05,1,Category C,159,159,218,58553,96.205
2012,2012-05,1,Category D,410,410,514,2021,96.205
2012,2012-05,1,Category E,311,304,457,88990,96.205
2012,2012-05,2,,630,617,945,58001,96.205
2012,2012-05,2,Category B,349,349,482,85216,96.205
2012,2012-05,2,Category C,162,161,205,57106,96.205
2012,2012-05,2,Category D,410,410,520,1890,96.205
2012,2012-05,2,Category E,321,312,544,86889,96.205
2012,2012-06,1,Category A,668,647,1004,59003,96.205
2012,2012-06,1,Category B,350,342,490,83000,96.205
2012,2012-06,1,Category C,159,155,258,54522,96.205
2012,2012-06,1,Category D,410,368,569,1912,96.205
2012,2012-06,1,Category E,315,311,526,85889,96.205
2012,2012-06,2,Category A,633,577,920,59004,96.205
2012,2012-06,2,Category B,349,346,477,85400,96.205
2012,2012-06,2,Category C,161,158,242,54502,96.205
2012,2012-06,2,Category D,410,393,517,1712,96.205
2012,2012-06,2,Category E,317,315,427,84389,96.205
2012,2012-07,1,Category A,641,613,872,59421,96.205
2012,2012-07,1,Category B,358,358,459,82289,96.205
2012,2012-07,1,Category C,164,161,234,55556,96.205
2012,2012-07,1,Category D,451,442,592,1760,96.205
2012,2012-07,1,Category E,312,295,410,86999,96.205
2012,2012-07,2,Category A,676,669,911,68656,96.205
2012,2012-07,2,Category B,353,352,549,90501,96.205
2012,2012-07,2,Category C,163,162,222,55805,96.205
2012,2012-07,2,Category D,426,425,531,1859,96.205
2012,2012-07,2,Category E,310,306,429,92700,96.205
2012,2012-08,1,Category A,421,415,724,73501,96.205
2012,2012-08,1,Category B,350,345,489,94502,96.205
2012,2012-08,1,Category C,183,180,241,57001,96.205
2012,2012-08,1,Category D,456,453,659,2081,96.205
2012,2012-08,1,Category E,260,258,354,95034,96.205
2012,2012-08,2,Category A,400,391,530,66889,96.205
2012,2012-08,2,Category B,351,351,532,88002,96.205
2012,2012-08,2,Category C,181,178,261,59334,96.205
2012,2012-08,2,Category D,448,444,535,2013,96.205
2012,2012-08,2,Category E,247,238,301,93990,96.205
2012,2012-09,1,Category A,399,391,518,68000,96.205
2012,2012-09,1,Category B,355,355,466,80191,96.205
2012,2012-09,1,Category C,183,177,269,57334,96.205
2012,2012-09,1,Category D,450,450,575,1801,96.205
2012,2012-09,1,Category E,245,245,349,87999,96.205
2012,2012-09,2,Category A,402,402,486,63000,96.205
2012,2012-09,2,Category B,351,349,523,88500,96.205
2012,2012-09,2,Category C,182,181,230,57809,96.205
2012,2012-09,2,Category D,450,434,566,1852,96.205
2012,2012-09,2,Category E,252,245,421,89990,96.205
2012,2012-10,1,Category A,401,399,506,69000,96.205
2012,2012-10,1,Category B,350,350,414,80001,96.205
2012,2012-10,1,Category C,186,185,221,56001,96.205
2012,2012-10,1,Category D,447,413,631,1912,96.205
2012,2012-10,1,Category E,243,242,312,86889,96.205
2012,2012-10,2,Category A,393,390,509,71001,96.205
2012,2012-10,2,Category B,353,353,540,85801,96.205
2012,2012-10,2,Category C,180,180,229,57889,96.205
2012,2012-10,2,Category D,463,462,605,1920,96.205
2012,2012-10,2,Category E,249,233,371,87000,96.205
2012,2012-11,1,Category A,395,393,621,77201,96.205
2012,2012-11,1,Category B,350,350,573,92400,96.205
2012,2012-11,1,Category C,181,180,268,59111,96.205
2012,2012-11,1,Category D,481,478,580,1959,96.205
2012,2012-11,1,Category E,244,241,401,92100,96.205
2012,2012-11,2,Category A,396,393,540,77291,96.205
2012,2012-11,2,Category B,351,342,487,93004,96.205
2012,2012-11,2,Category C,179,177,254,60235,96.205
2012,2012-11,2,Category D,448,441,523,1689,96.205
2012,2012-11,2,Category E,258,250,352,93990,96.205
2012,2012-12,1,Category A,395,378,482,78523,96.205
2012,2012-12,1,Category B,350,337,493,90200,96.205
2012,2012-12,1,Category C,181,168,281,63035,96.205
2012,2012-12,1,Category D,450,435,602,1612,96.205
2012,2012-12,1,Category E,246,233,329,97000,96.205
2012,2012-12,2,Category A,395,378,499,81889,96.205
2012,2012-12,2,Category B,360,360,478,93501,96.205
2012,2012-12,2,Category C,182,178,242,62201,96.205
2012,2012-12,2,Category D,454,440,522,1701,96.205
2012,2012-12,2,Category E,250,241,406,95990,96.205
2013,2013-01,1,Category A,410,409,555,92100,98.474
2013,2013-01,1,Category B,363,363,470,96210,98.474
2013,2013-01,1,Category C,193,188,244,60000,98.474
2013,2013-01,1,Category D,462,462,523,1933,98.474
2013,2013-01,1,Category E,256,256,393,96101,98.474
2013,2013-01,2,Category A,409,409,489,91010,98.474
2013,2013-01,2,Category B,351,351,452,95501,98.474
2013,2013-01,2,Category C,184,184,262,57051,98.474
2013,2013-01,2,Category D,461,461,530,1781,98.474
2013,2013-01,2,Category E,251,248,344,97889,98.474
2013,2013-02,1,Category A,335,333,418,87109,98.474
2013,2013-02,1,Category B,302,278,431,92901,98.474
2013,2013-02,1,Category C,230,230,316,54989,98.474
2013,2013-02,1,Category D,506,502,637,1782,98.474
2013,2013-02,1,Category E,238,221,295,94890,98.474
2013,2013-02,2,Category A,333,329,427,78301,98.474
2013,2013-02,2,Category B,303,299,409,92667,98.474
2013,2013-02,2,Category C,225,225,285,53489,98.474
2013,2013-02,2,Category D,506,469,589,1512,98.474
2013,2013-02,2,Category E,241,200,370,91910,98.474
2013,2013-03,1,Category A,336,329,1180,74689,98.474
2013,2013-03,1,Category B,326,326,1028,58090,98.474
2013,2013-03,1,Category C,225,223,374,53900,98.474
2013,2013-03,1,Category D,510,510,669,1895,98.474
2013,2013-03,1,Category E,255,248,1036,65001,98.474
2013,2013-03,2,Category A,337,337,923,64209,98.474
2013,2013-03,2,Category B,307,300,940,73900,98.474
2013,2013-03,2,Category C,225,225,312,54111,98.474
2013,2013-03,2,Category D,543,543,634,1909,98.474
2013,2013-03,2,Category E,279,277,635,73301,98.474
2013,2013-04,1,Category A,341,339,966,61029,98.474
2013,2013-04,1,Category B,302,287,835,67010,98.474
2013,2013-04,1,Category C,227,227,334,56011,98.474
2013,2013-04,1,Category D,506,412,680,1812,98.474
2013,2013-04,1,Category E,245,244,450,66989,98.474
2013,2013-04,2,Category A,333,333,993,62497,98.474
2013,2013-04,2,Category B,310,281,683,62000,98.474
2013,2013-04,2,Category C,225,218,354,58502,98.474
2013,2013-04,2,Category D,506,505,545,1791,98.474
2013,2013-04,2,Category E,240,227,421,62000,98.474
2013,2013-05,1,Category A,336,329,912,62999,98.474
2013,2013-05,1,Category B,317,317,601,61700,98.474
2013,2013-05,1,Category C,225,223,312,57051,98.474
2013,2013-05,1,Category D,600,595,719,1700,98.474
2013,2013-05,1,Category E,239,238,447,62301,98.474
2013,2013-05,2,Category A,333,324,888,64839,98.474
2013,2013-05,2,Category B,332,329,749,67304,98.474
2013,2013-05,2,Category C,233,232,288,56889,98.474
2013,2013-05,2,Category D,507,459,642,1663,98.474
2013,2013-05,2,Category E,251,239,466,66701,98.474
2013,2013-06,1,Category A,341,336,855,67301,98.474
2013,2013-06,1,Category B,302,274,732,75000,98.474
2013,2013-06,1,Category C,227,226,292,57989,98.474
2013,2013-06,1,Category D,511,479,616,1701,98.474
2013,2013-06,1,Category E,239,189,534,76000,98.474
2013,2013-06,2,Category A,342,341,788,69903,98.474
2013,2013-06,2,Category B,305,304,734,81751,98.474
2013,2013-06,2,Category C,227,221,289,59001,98.474
2013,2013-06,2,Category D,554,534,647,1712,98.474
2013,2013-06,2,Category E,251,250,466,83001,98.474
2013,2013-07,1,Category A,338,328,716,73100,98.474
2013,2013-07,1,Category B,331,325,652,77110,98.474
2013,2013-07,1,Category C,226,226,301,61011,98.474
2013,2013-07,1,Category D,538,536,679,1610,98.474
2013,2013-07,1,Category E,288,284,485,77000,98.474
2013,2013-07,2,Category A,334,332,621,73989,98.474
2013,2013-07,2,Category B,303,301,574,76389,98.474
2013,2013-07,2,Category C,232,226,335,65036,98.474
2013,2013-07,2,Category D,526,516,652,1712,98.474
2013,2013-07,2,Category E,240,237,425,76802,98.474
2013,2013-08,1,Category A,373,371,754,75556,98.474
2013,2013-08,1,Category B,380,373,682,77600,98.474
2013,2013-08,1,Category C,258,257,364,68251,98.474
2013,2013-08,1,Category D,482,481,568,1792,98.474
2013,2013-08,1,Category E,264,261,407,77989,98.474
2013,2013-08,2,Category A,366,360,596,76223,98.474
2013,2013-08,2,Category B,375,371,627,76607,98.474
2013,2013-08,2,Category C,263,257,385,71001,98.474
2013,2013-08,2,Category D,491,449,615,1722,98.474
2013,2013-08,2,Category E,264,264,385,79223,98.474
2013,2013-09,1,Category A,366,365,609,77304,98.474
2013,2013-09,1,Category B,381,378,623,77100,98.474
2013,2013-09,1,Category C,258,254,340,73999,98.474
2013,2013-09,1,Category D,481,481,569,1660,98.474
2013,2013-09,1,Category E,263,181,431,80000,98.474
2013,2013-09,2,Category A,370,361,654,83751,98.474
2013,2013-09,2,Category B,377,368,703,86239,98.474
2013,2013-09,2,Category C,263,257,321,76001,98.474
2013,2013-09,2,Category D,523,521,579,1703,98.474
2013,2013-09,2,Category E,261,253,459,87001,98.474
2013,2013-10,1,Category A,365,361,615,85000,98.474
2013,2013-10,1,Category B,376,373,649,93500,98.474
2013,2013-10,1,Category C,261,261,315,76310,98.474
2013,2013-10,1,Category D,481,475,567,1961,98.474
2013,2013-10,1,Category E,342,330,483,93889,98.474
2013,2013-10,2,Category A,373,373,596,76889,98.474
2013,2013-10,2,Category B,382,376,515,87910,98.474
2013,2013-10,2,Category C,263,262,358,68002,98.474
2013,2013-10,2,Category D,482,481,586,1804,98.474
2013,2013-10,2,Category E,269,264,337,92289,98.474
2013,2013-11,1,Category A,368,368,590,72609,98.474
2013,2013-11,1,Category B,376,376,482,84578,98.474
2013,2013-11,1,Category C,257,256,427,55503,98.474
2013,2013-11,1,Category D,487,487,569,1710,98.474
2013,2013-11,1,Category E,273,270,379,89001,98.474
2013,2013-11,2,Category A,364,361,650,74991,98.474
2013,2013-11,2,Category B,379,375,536,79300,98.474
2013,2013-11,2,Category C,258,252,397,55002,98.474
2013,2013-11,2,Category D,481,437,543,1712,98.474
2013,2013-11,2,Category E,266,259,410,83000,98.474
2013,2013-12,1,Category A,364,364,591,73160,98.474
2013,2013-12,1,Category B,373,360,549,73010,98.474
2013,2013-12,1,Category C,258,257,359,51112,98.474
2013,2013-12,1,Category D,481,473,647,1782,98.474
2013,2013-12,1,Category E,264,264,365,76901,98.474
2013,2013-12,2,Category A,367,363,574,74002,98.474
2013,2013-12,2,Category B,377,357,500,75700,98.474
2013,2013-12,2,Category C,263,256,338,48001,98.474
2013,2013-12,2,Category D,524,501,680,1812,98.474
2013,2013-12,2,Category E,268,268,375,77501,98.474
2014,2014-01,1,Category A,364,361,623,72369,99.483
2014,2014-01,1,Category B,386,377,581,78700,99.483
2014,2014-01,1,Category C,258,252,337,48889,99.483
2014,2014-01,1,Category D,489,487,542,1989,99.483
2014,2014-01,1,Category E,261,244,392,79000,99.483
2014,2014-01,2,Category A,368,364,724,72290,99.483
2014,2014-01,2,Category B,393,388,512,79000,99.483
2014,2014-01,2,Category C,264,249,356,50001,99.483
2014,2014-01,2,Category D,503,503,796,2704,99.483
2014,2014-01,2,Category E,261,259,373,78810,99.483
2014,2014-02,1,Category A,362,356,719,71564,99.483
2014,2014-02,1,Category B,360,360,523,75300,99.483
2014,2014-02,1,Category C,267,264,364,51002,99.483
2014,2014-02,1,Category D,361,353,550,3051,99.483
2014,2014-02,1,Category E,208,205,351,77003,99.483
2014,2014-02,2,Category A,362,358,700,77201,99.483
2014,2014-02,2,Category B,355,353,519,78604,99.483
2014,2014-02,2,Category C,277,273,392,52890,99.483
2014,2014-02,2,Category D,360,359,478,3501,99.483
2014,2014-02,2,Category E,193,191,321,79000,99.483
2014,2014-03,1,Category A,365,356,615,76999,99.483
2014,2014-03,1,Category B,350,337,499,80710,99.483
2014,2014-03,1,Category C,265,262,439,56302,99.483
2014,2014-03,1,Category D,368,340,483,4001,99.483
2014,2014-03,1,Category E,193,185,292,82000,99.483
2014,2014-03,2,Category A,362,360,577,78602,99.483
2014,2014-03,2,Category B,353,352,524,82900,99.483
2014,2014-03,2,Category C,266,256,356,53891,99.483
2014,2014-03,2,Category D,360,355,449,4289,99.483
2014,2014-03,2,Category E,193,192,293,84001,99.483
2014,2014-04,1,Category A,367,360,537,77400,99.483
2014,2014-04,1,Category B,363,363,523,84504,99.483
2014,2014-04,1,Category C,265,261,303,49503,99.483
2014,2014-04,1,Category D,388,388,520,4489,99.483
2014,2014-04,1,Category E,199,197,283,84100,99.483
2014,2014-04,2,Category A,361,357,513,71335,99.483
2014,2014-04,2,Category B,351,349,486,75010,99.483
2014,2014-04,2,Category C,272,266,392,32890,99.483
2014,2014-04,2,Category D,365,350,492,4502,99.483
2014,2014-04,2,Category E,192,192,310,73810,99.483
2014,2014-05,1,Category A,513,512,676,60002,99.483
2014,2014-05,1,Category B,483,472,778,70002,99.483
2014,2014-05,1,Category C,389,389,715,36301,99.483
2014,2014-05,1,Category D,343,340,445,4001,99.483
2014,2014-05,1,Category E,295,295,525,65501,99.483
2014,2014-05,2,Category A,509,506,997,65689,99.483
2014,2014-05,2,Category B,484,477,716,68103,99.483
2014,2014-05,2,Category C,392,386,709,40889,99.483
2014,2014-05,2,Category D,358,316,492,4003,99.483
2014,2014-05,2,Category E,294,285,497,67290,99.483
2014,2014-06,1,Category A,507,499,1040,63190,99.483
2014,2014-06,1,Category B,494,484,807,67304,99.483
2014,2014-06,1,Category C,385,378,617,43001,99.483
2014,2014-06,1,Category D,346,346,449,4089,99.483
2014,2014-06,1,Category E,293,292,465,67334,99.483
2014,2014-06,2,Category A,509,506,1040,61899,99.483
2014,2014-06,2,Category B,490,475,716,65700,99.483
2014,2014-06,2,Category C,391,385,597,42001,99.483
2014,2014-06,2,Category D,385,381,503,3890,99.483
2014,2014-06,2,Category E,302,276,434,65301,99.483
2014,2014-07,1,Category A,513,511,1075,61990,99.483
2014,2014-07,1,Category B,493,491,812,64889,99.483
2014,2014-07,1,Category C,392,383,653,43390,99.483
2014,2014-07,1,Category D,344,343,415,4001,99.483
2014,2014-07,1,Category E,294,288,441,63001,99.483
2014,2014-07,2,Category A,509,505,1190,62890,99.483
2014,2014-07,2,Category B,498,497,850,65001,99.483
2014,2014-07,2,Category C,391,391,779,52010,99.483
2014,2014-07,2,Category D,347,341,410,4252,99.483
2014,2014-07,2,Category E,319,317,483,65002,99.483
2014,2014-08,1,Category A,574,574,1086,64600,99.483
2014,2014-08,1,Category B,507,501,1090,68689,99.483
2014,2014-08,1,Category C,267,267,519,54009,99.483
2014,2014-08,1,Category D,316,315,360,4353,99.483
2014,2014-08,1,Category E,245,243,429,69001,99.483
2014,2014-08,2,Category A,575,574,994,65710,99.483
2014,2014-08,2,Category B,506,502,1137,72990,99.483
2014,2014-08,2,Category C,257,254,427,52390,99.483
2014,2014-08,2,Category D,322,317,361,4354,99.483
2014,2014-08,2,Category E,241,224,358,72810,99.483
2014,2014-09,1,Category A,572,568,813,64841,99.483
2014,2014-09,1,Category B,511,511,909,73010,99.483
2014,2014-09,1,Category C,258,256,429,49901,99.483
2014,2014-09,1,Category D,316,316,382,4453,99.483
2014,2014-09,1,Category E,241,235,385,74403,99.483
2014,2014-09,2,Category A,573,573,792,62000,99.483
2014,2014-09,2,Category B,509,507,785,71990,99.483
2014,2014-09,2,Category C,261,252,437,49889,99.483
2014,2014-09,2,Category D,320,318,394,4504,99.483
2014,2014-09,2,Category E,256,252,395,74801,99.483
2014,2014-10,1,Category A,575,570,1097,63880,99.483
2014,2014-10,1,Category B,505,501,852,72180,99.483
2014,2014-10,1,Category C,259,257,516,57389,99.483
2014,2014-10,1,Category D,316,316,502,4800,99.483
2014,2014-10,1,Category E,245,236,390,72003,99.483
2014,2014-10,2,Category A,572,569,1092,63990,99.483
2014,2014-10,2,Category B,507,506,822,72002,99.483
2014,2014-10,2,Category C,267,266,416,61000,99.483
2014,2014-10,2,Category D,317,310,431,4412,99.483
2014,2014-10,2,Category E,242,242,335,72201,99.483
2014,2014-11,1,Category A,703,692,1196,64900,99.483
2014,2014-11,1,Category B,574,559,832,70890,99.483
2014,2014-11,1,Category C,143,143,257,63701,99.483
2014,2014-11,1,Category D,316,315,380,4290,99.483
2014,2014-11,1,Category E,272,271,403,71300,99.483
2014,2014-11,2,Category A,701,694,1144,67889,99.483
2014,2014-11,2,Category B,570,560,900,72890,99.483
2014,2014-11,2,Category C,142,134,260,65001,99.483
2014,2014-11,2,Category D,324,322,389,4189,99.483
2014,2014-11,2,Category E,263,263,382,73900,99.483
2014,2014-12,1,Category A,709,703,996,67089,99.483
2014,2014-12,1,Category B,584,582,873,74389,99.483
2014,2014-12,1,Category C,141,126,196,60001,99.483
2014,2014-12,1,Category D,318,314,392,4210,99.483
2014,2014-12,1,Category E,265,257,370,76904,99.483
2014,2014-12,2,Category A,705,699,868,65889,99.483
2014,2014-12,2,Category B,579,572,755,74000,99.483
2014,2014-12,2,Category C,149,149,268,52100,99.483
2014,2014-12,2,Category D,319,270,367,4312,99.483
2014,2014-12,2,Category E,264,264,446,73990,99.483
2015,2015-01,1,Category A,704,698,940,66010,98.963
2015,2015-01,1,Category B,571,570,833,75289,98.963
2015,2015-01,1,Category C,156,155,296,55011,98.963
2015,2015-01,1,Category D,321,319,374,4403,98.963
2015,2015-01,1,Category E,272,265,386,75200,98.963
2015,2015-01,2,Category A,705,703,1068,65001,98.963
2015,2015-01,2,Category B,576,576,915,76889,98.963
2015,2015-01,2,Category C,140,139,247,55012,98.963
2015,2015-01,2,Category D,366,360,509,4889,98.963
2015,2015-01,2,Category E,264,246,431,76790,98.963
2015,2015-02,1,Category A,992,991,1295,62002,98.963
2015,2015-02,1,Category B,724,723,959,70890,98.963
2015,2015-02,1,Category C,185,183,311,52101,98.963
2015,2015-02,1,Category D,287,283,384,5504,98.963
2015,2015-02,1,Category E,181,181,288,71921,98.963
2015,2015-02,2,Category A,988,988,1294,57199,98.963
2015,2015-02,2,Category B,722,721,1037,66751,98.963
2015,2015-02,2,Category C,185,185,333,53202,98.963
2015,2015-02,2,Category D,291,290,396,5800,98.963
2015,2015-02,2,Category E,193,193,373,67901,98.963
2015,2015-03,1,Category A,987,986,2120,61410,98.963
2015,2015-03,1,Category B,723,723,1239,68668,98.963
2015,2015-03,1,Category C,186,183,315,56501,98.963
2015,2015-03,1,Category D,289,288,343,5501,98.963
2015,2015-03,1,Category E,175,162,322,70500,98.963
2015,2015-03,2,Category A,987,987,2251,64700,98.963
2015,2015-03,2,Category B,723,717,1354,71889,98.963
2015,2015-03,2,Category C,184,175,345,59999,98.963
2015,2015-03,2,Category D,286,286,385,5610,98.963
2015,2015-03,2,Category E,174,172,290,72100,98.963
2015,2015-04,1,Category A,988,970,2340,67749,98.963
2015,2015-04,1,Category B,722,716,1661,76612,98.963
2015,2015-04,1,Category C,188,183,290,64001,98.963
2015,2015-04,1,Category D,286,278,442,6312,98.963
2015,2015-04,1,Category E,187,165,311,78000,98.963
2015,2015-04,2,Category A,987,979,2055,67601,98.963
2015,2015-04,2,Category B,728,708,1525,78001,98.963
2015,2015-04,2,Category C,194,192,284,53001,98.963
2015,2015-04,2,Category D,285,277,376,6801,98.963
2015,2015-04,2,Category E,176,163,331,79500,98.963
2015,2015-05,1,Category A,1444,1438,2891,68589,98.963
2015,2015-05,1,Category B,934,934,1631,77600,98.963
2015,2015-05,1,Category C,373,370,545,50098,98.963
2015,2015-05,1,Category D,334,321,462,6512,98.963
2015,2015-05,1,Category E,292,290,445,78004,98.963
2015,2015-05,2,Category A,1434,1431,2351,66590,98.963
2015,2015-05,2,Category B,948,948,1401,75002,98.963
2015,2015-05,2,Category C,370,365,546,52001,98.963
2015,2015-05,2,Category D,334,298,433,6501,98.963
2015,2015-05,2,Category E,283,281,364,78001,98.963
2015,2015-06,1,Category A,1432,1393,1943,66000,98.963
2015,2015-06,1,Category B,929,923,1384,75000,98.963
2015,2015-06,1,Category C,371,369,508,50900,98.963
2015,2015-06,1,Category D,339,336,430,6509,98.963
2015,2015-06,1,Category E,272,267,392,75801,98.963
2015,2015-06,2,Category A,1429,1421,1766,61000,98.963
2015,2015-06,2,Category B,928,926,1144,71509,98.963
2015,2015-06,2,Category C,373,370,481,50502,98.963
2015,2015-06,2,Category D,363,359,448,6401,98.963
2015,2015-06,2,Category E,272,269,373,74501,98.963
2015,2015-07,1,Category A,1466,1464,1891,58700,98.963
2015,2015-07,1,Category B,934,933,1225,65501,98.963
2015,2015-07,1,Category C,370,370,476,50001,98.963
2015,2015-07,1,Category D,330,328,425,6508,98.963
2015,2015-07,1,Category E,274,272,411,69001,98.963
2015,2015-07,2,Category A,1435,1365,1966,55889,98.963
2015,2015-07,2,Category B,930,929,1218,58109,98.963
2015,2015-07,2,Category C,371,371,455,50002,98.963
2015,2015-07,2,Category D,331,320,486,6312,98.963
2015,2015-07,2,Category E,272,270,441,60101,98.963
2015,2015-08,1,Category A,1688,1687,2446,56209,98.963
2015,2015-08,1,Category B,1057,1054,1634,60789,98.963
2015,2015-08,1,Category C,183,183,263,49302,98.963
2015,2015-08,1,Category D,356,356,418,6201,98.963
2015,2015-08,1,Category E,363,361,607,57885,98.963
2015,2015-08,2,Category A,1756,1756,2597,57498,98.963
2015,2015-08,2,Category B,1058,1056,1551,62140,98.963
2015,2015-08,2,Category C,182,182,282,46501,98.963
2015,2015-08,2,Category D,366,319,527,6112,98.963
2015,2015-08,2,Category E,363,356,609,61001,98.963
2015,2015-09,1,Category A,1688,1688,2553,57089,98.963
2015,2015-09,1,Category B,1059,1058,1628,62101,98.963
2015,2015-09,1,Category C,182,182,371,46801,98.963
2015,2015-09,1,Category D,355,310,473,6512,98.963
2015,2015-09,1,Category E,363,358,580,61010,98.963
2015,2015-09,2,Category A,1687,1684,2276,55399,98.963
2015,2015-09,2,Category B,1058,1041,1371,60001,98.963
2015,2015-09,2,Category C,182,172,356,45289,98.963
2015,2015-09,2,Category D,402,402,509,6158,98.963
2015,2015-09,2,Category E,368,368,542,61300,98.963
2015,2015-10,1,Category A,1687,1679,1583,56001,98.963
2015,2015-10,1,Category B,1057,1044,1373,58190,98.963
2015,2015-10,1,Category C,182,181,331,44890,98.963
2015,2015-10,1,Category D,400,398,438,6201,98.963
2015,2015-10,1,Category E,366,360,582,58801,98.963
2015,2015-10,2,Category A,1690,1684,2229,57301,98.963
2015,2015-10,2,Category B,1073,1069,1367,59889,98.963
2015,2015-10,2,Category C,192,186,340,42303,98.963
2015,2015-10,2,Category D,355,353,430,6302,98.963
2015,2015-10,2,Category E,361,356,584,60000,98.963
2015,2015-11,1,Category A,1664,1623,2009,56001,98.963
2015,2015-11,1,Category B,1037,1031,1267,57501,98.963
2015,2015-11,1,Category C,241,240,372,43809,98.963
2015,2015-11,1,Category D,329,301,402,5912,98.963
2015,2015-11,1,Category E,367,363,505,60689,98.963
2015,2015-11,2,Category A,1662,1650,2140,59200,98.963
2015,2015-11,2,Category B,1029,1026,1388,61103,98.963
2015,2015-11,2,Category C,247,244,389,45890,98.963
2015,2015-11,2,Category D,329,324,436,6502,98.963
2015,2015-11,2,Category E,365,365,519,62019,98.963
2015,2015-12,1,Category A,1698,1696,2132,56989,98.963
2015,2015-12,1,Category B,1031,1028,1324,60001,98.963
2015,2015-12,1,Category C,241,236,345,48101,98.963
2015,2015-12,1,Category D,355,354,414,6501,98.963
2015,2015-12,1,Category E,364,362,495,60003,98.963
2015,2015-12,2,Category A,1669,1667,1978,54301,98.963
2015,2015-12,2,Category B,1027,1025,1200,55001,98.963
2015,2015-12,2,Category C,244,243,311,46001,98.963
2015,2015-12,2,Category D,332,332,394,6600,98.963
2015,2015-12,2,Category E,360,360,512,57501,98.963
2016,2016-01,1,Category A,1659,1649,2013,45002,98.436
2016,2016-01,1,Category B,1027,1019,1262,54920,98.436
2016,2016-01,1,Category C,246,245,353,42036,98.436
2016,2016-01,1,Category D,328,317,409,6889,98.436
2016,2016-01,1,Category E,362,361,498,55089,98.436
2016,2016-01,2,Category A,1659,1638,3437,51301,98.436
2016,2016-01,2,Category B,1026,1026,1334,50089,98.436
2016,2016-01,2,Category C,242,239,387,46502,98.436
2016,2016-01,2,Category D,327,322,415,6512,98.436
2016,2016-01,2,Category E,360,350,713,51000,98.436
2016,2016-01,3,Category E,400,508,511,34401,98.436
2016,2016-02,1,Category A,2038,2033,2972,46651,98.436
2016,2016-02,1,Category B,1216,1216,1624,38610,98.436
2016,2016-02,1,Category C,164,164,229,45036,98.436
2016,2016-02,1,Category D,368,368,495,6503,98.436
2016,2016-02,1,Category E,446,443,824,44001,98.436
2016,2016-02,2,Category A,2049,2025,2965,43000,98.436
2016,2016-02,2,Category B,1208,1197,2898,46970,98.436
2016,2016-02,2,Category C,165,160,239,45001,98.436
2016,2016-02,2,Category D,362,361,454,6353,98.436
2016,2016-02,2,Category E,456,450,873,45009,98.436
2016,2016-03,1,Category A,2033,1957,3518,45000,98.436
2016,2016-03,1,Category B,1209,1200,2706,47604,98.436
2016,2016-03,1,Category C,162,160,259,48890,98.436
2016,2016-03,1,Category D,357,356,430,6503,98.436
2016,2016-03,1,Category E,449,312,951,48002,98.436
2016,2016-03,2,Category A,2053,2020,3836,45504,98.436
2016,2016-03,2,Category B,1220,1218,2491,46502,98.436
2016,2016-03,2,Category C,167,166,226,46502,98.436
2016,2016-03,2,Category D,357,356,429,6589,98.436
2016,2016-03,2,Category E,452,445,912,46667,98.436
2016,2016-04,1,Category A,2105,2103,3719,46009,98.436
2016,2016-04,1,Category B,1218,1218,2247,47000,98.436
2016,2016-04,1,Category C,164,161,235,44213,98.436
2016,2016-04,1,Category D,357,356,455,6503,98.436
2016,2016-04,1,Category E,583,346,1397,47510,98.436
2016,2016-04,2,Category A,2062,2061,3327,47300,98.436
2016,2016-04,2,Category B,1211,1136,2364,49602,98.436
2016,2016-04,2,Category C,163,162,241,43002,98.436
2016,2016-04,2,Category D,357,341,437,6501,98.436
2016,2016-04,2,Category E,453,433,834,49501,98.436
2016,2016-05,1,Category A,2218,2217,3446,47889,98.436
2016,2016-05,1,Category B,1462,1454,2435,51010,98.436
2016,2016-05,1,Category C,232,232,324,42302,98.436
2016,2016-05,1,Category D,399,389,519,6302,98.436
2016,2016-05,1,Category E,750,728,1380,49000,98.436
2016,2016-05,2,Category A,2217,2182,3227,47020,98.436
2016,2016-05,2,Category B,1537,1536,2322,49156,98.436
2016,2016-05,2,Category C,229,229,355,43002,98.436
2016,2016-05,2,Category D,414,389,500,6303,98.436
2016,2016-05,2,Category E,534,510,815,49700,98.436
2016,2016-06,1,Category A,2218,2213,4545,53694,98.436
2016,2016-06,1,Category B,1470,1463,3436,56000,98.436
2016,2016-06,1,Category C,228,219,347,46434,98.436
2016,2016-06,1,Category D,407,395,529,6302,98.436
2016,2016-06,1,Category E,536,533,860,55100,98.436
2016,2016-06,2,Category A,2252,2197,3957,55200,98.436
2016,2016-06,2,Category B,1463,1462,2914,57010,98.436
2016,2016-06,2,Category C,228,226,342,48002,98.436
2016,2016-06,2,Category D,422,389,495,6303,98.436
2016,2016-06,2,Category E,538,531,1009,57390,98.436
2016,2016-07,1,Category A,2222,2212,3194,52301,98.436
2016,2016-07,1,Category B,1469,1469,2547,56089,98.436
2016,2016-07,1,Category C,237,235,310,47889,98.436
2016,2016-07,1,Category D,409,365,525,6012,98.436
2016,2016-07,1,Category E,517,517,750,56002,98.436
2016,2016-07,2,Category A,2272,2246,3195,53000,98.436
2016,2016-07,2,Category B,1463,1463,2439,57508,98.436
2016,2016-07,2,Category C,230,225,344,49890,98.436
2016,2016-07,2,Category D,430,424,586,6302,98.436
2016,2016-07,2,Category E,521,500,821,57501,98.436
2016,2016-08,1,Category A,2018,1959,2712,52503,98.436
2016,2016-08,1,Category B,1336,1300,2156,57903,98.436
2016,2016-08,1,Category C,177,177,245,48302,98.436
2016,2016-08,1,Category D,403,400,558,6206,98.436
2016,2016-08,1,Category E,429,400,610,58201,98.436
2016,2016-08,2,Category A,2034,2034,2803,53334,98.436
2016,2016-08,2,Category B,1336,1334,2088,56500,98.436
2016,2016-08,2,Category C,180,178,236,48001,98.436
2016,2016-08,2,Category D,365,321,541,6352,98.436
2016,2016-08,2,Category E,450,450,618,56956,98.436
2016,2016-09,1,Category A,2067,2011,2739,51506,98.436
2016,2016-09,1,Category B,1372,1358,2183,57002,98.436
2016,2016-09,1,Category C,175,175,260,49801,98.436
2016,2016-09,1,Category D,362,334,521,6452,98.436
2016,2016-09,1,Category E,458,450,723,1,98.436
2016,2016-09,2,Category A,2008,1993,2610,50000,98.436
2016,2016-09,2,Category B,1338,1334,2017,55501,98.436
2016,2016-09,2,Category C,177,165,237,49890,98.436
2016,2016-09,2,Category D,403,402,478,6501,98.436
2016,2016-09,2,Category E,429,429,592,55201,98.436
2016,2016-10,1,Category A,2064,1979,2938,51507,98.436
2016,2016-10,1,Category B,1350,1246,1785,53001,98.436
2016,2016-10,1,Category C,176,172,232,48702,98.436
2016,2016-10,1,Category D,387,359,498,6353,98.436
2016,2016-10,1,Category E,436,435,642,54200,98.436
2016,2016-10,2,Category A,2023,2021,2584,50991,98.436
2016,2016-10,2,Category B,1340,1329,1768,56410,98.436
2016,2016-10,2,Category C,188,187,252,45589,98.436
2016,2016-10,2,Category D,360,356,430,6354,98.436
2016,2016-10,2,Category E,429,428,678,56340,98.436
2016,2016-11,1,Category A,1929,1929,2800,52668,98.436
2016,2016-11,1,Category B,1347,1345,2012,56206,98.436
2016,2016-11,1,Category C,185,181,283,48001,98.436
2016,2016-11,1,Category D,399,396,457,6311,98.436
2016,2016-11,1,Category E,401,388,641,56000,98.436
2016,2016-11,2,Category A,1846,1846,2536,50951,98.436
2016,2016-11,2,Category B,1254,1253,1708,53001,98.436
2016,2016-11,2,Category C,182,181,286,49002,98.436
2016,2016-11,2,Category D,375,331,520,6212,98.436
2016,2016-11,2,Category E,401,397,531,54901,98.436
2016,2016-12,1,Category A,1844,1812,2335,48000,98.436
2016,2016-12,1,Category B,1245,1237,1494,46229,98.436
2016,2016-12,1,Category C,185,183,262,51209,98.436
2016,2016-12,1,Category D,374,368,436,6113,98.436
2016,2016-12,1,Category E,413,411,643,50010,98.436
2016,2016-12,2,Category A,1844,1843,2554,49751,98.436
2016,2016-12,2,Category B,1244,1242,2052,51109,98.436
2016,2016-12,2,Category C,182,176,274,49500,98.436
2016,2016-12,2,Category D,415,408,484,6101,98.436
2016,2016-12,2,Category E,404,404,668,50389,98.436
2017,2017-01,1,Category A,1877,1870,2260,50101,99.004
2017,2017-01,1,Category B,1252,1243,1835,53106,99.004
2017,2017-01,1,Category C,183,180,271,46302,99.004
2017,2017-01,1,Category D,376,374,438,6053,99.004
2017,2017-01,1,Category E,401,394,648,53001,99.004
2017,2017-01,2,Category A,1846,1766,2437,50889,99.004
2017,2017-01,2,Category B,1246,1226,1967,52807,99.004
2017,2017-01,2,Category C,186,173,254,47001,99.004
2017,2017-01,2,Category D,377,331,412,6052,99.004
2017,2017-01,2,Category E,400,381,662,52600,99.004
2017,2017-02,1,Category A,2060,2051,2691,48401,99.004
2017,2017-02,1,Category B,1366,1352,1783,48209,99.004
2017,2017-02,1,Category C,164,155,268,48901,99.004
2017,2017-02,1,Category D,348,326,534,6412,99.004
2017,2017-02,1,Category E,488,488,805,48556,99.004
2017,2017-02,2,Category A,2133,2089,2926,49430,99.004
2017,2017-02,2,Category B,1377,1377,2126,50621,99.004
2017,2017-02,2,Category C,174,171,249,49810,99.004
2017,2017-02,2,Category D,392,384,753,6801,99.004
2017,2017-02,2,Category E,500,483,800,51000,99.004
2017,2017-03,1,Category A,2061,2045,3190,50789,99.004
2017,2017-03,1,Category B,1371,1368,2298,53300,99.004
2017,2017-03,1,Category C,170,170,216,49002,99.004
2017,2017-03,1,Category D,368,359,546,7483,99.004
2017,2017-03,1,Category E,482,478,763,53001,99.004
2017,2017-03,2,Category A,2096,2096,2961,51765,99.004
2017,2017-03,2,Category B,1357,1345,2081,54000,99.004
2017,2017-03,2,Category C,164,163,251,47036,99.004
2017,2017-03,2,Category D,355,354,453,8081,99.004
2017,2017-03,2,Category E,499,499,783,54501,99.004
2017,2017-04,1,Category A,2068,2061,2486,52000,99.004
2017,2017-04,1,Category B,1360,1360,1970,54405,99.004
2017,2017-04,1,Category C,162,162,351,45906,99.004
2017,2017-04,1,Category D,355,354,482,7589,99.004
2017,2017-04,1,Category E,486,485,748,54556,99.004
2017,2017-04,2,Category A,2052,2030,2442,51600,99.004
2017,2017-04,2,Category B,1369,1365,2000,54406,99.004
2017,2017-04,2,Category C,163,162,509,26501,99.004
2017,2017-04,2,Category D,347,325,512,6712,99.004
2017,2017-04,2,Category E,482,477,712,54616,99.004
2017,2017-05,1,Category A,1905,1905,2240,51106,99.004
2017,2017-05,1,Category B,1320,1316,1996,55414,99.004
2017,2017-05,1,Category C,1084,1078,2586,26029,99.004
2017,2017-05,1,Category D,455,433,567,6301,99.004
2017,2017-05,1,Category E,529,528,755,55000,99.004
2017,2017-05,2,Category A,1920,1913,2601,46489,99.004
2017,2017-05,2,Category B,1325,1325,1725,53001,99.004
2017,2017-05,2,Category C,1085,1084,2492,30600,99.004
2017,2017-05,2,Category D,476,470,602,6101,99.004
2017,2017-05,2,Category E,532,506,731,52000,99.004
2017,2017-06,1,Category A,1898,1893,2245,45201,99.004
2017,2017-06,1,Category B,1325,1324,1582,50110,99.004
2017,2017-06,1,Category C,1091,1087,2309,38501,99.004
2017,2017-06,1,Category D,476,455,743,6101,99.004
2017,2017-06,1,Category E,528,528,878,50526,99.004
2017,2017-06,2,Category A,1906,1898,2302,42801,99.004
2017,2017-06,2,Category B,1321,1320,1651,47501,99.004
2017,2017-06,2,Category C,1086,1085,2125,36879,99.004
2017,2017-06,2,Category D,459,360,931,6001,99.004
2017,2017-06,2,Category E,553,519,925,48001,99.004
2017,2017-07,1,Category A,1904,1902,2296,42801,99.004
2017,2017-07,1,Category B,1322,1321,1910,49802,99.004
2017,2017-07,1,Category C,1088,1078,2189,40212,99.004
2017,2017-07,1,Category D,474,377,819,6001,99.004
2017,2017-07,1,Category E,528,521,872,49899,99.004
2017,2017-07,2,Category A,1907,1905,2389,44002,99.004
2017,2017-07,2,Category B,1322,1314,1784,50001,99.004
2017,2017-07,2,Category C,1085,1084,1943,42809,99.004
2017,2017-07,2,Category D,552,424,1044,5851,99.004
2017,2017-07,2,Category E,562,516,941,50101,99.004
2017,2017-08,1,Category A,1817,1812,2403,46778,99.004
2017,2017-08,1,Category B,1286,1281,1978,53711,99.004
2017,2017-08,1,Category C,454,445,742,42801,99.004
2017,2017-08,1,Category D,574,508,879,5701,99.004
2017,2017-08,1,Category E,547,545,822,52751,99.004
2017,2017-08,2,Category A,1817,1817,2148,42900,99.004
2017,2017-08,2,Category B,1293,1290,1683,51000,99.004
2017,2017-08,2,Category C,445,436,836,42004,99.004
2017,2017-08,2,Category D,605,588,1069,3512,99.004
2017,2017-08,2,Category E,586,562,781,50000,99.004
2017,2017-09,1,Category A,1820,1806,2195,36001,99.004
2017,2017-09,1,Category B,1290,1290,1704,49000,99.004
2017,2017-09,1,Category C,453,406,695,43002,99.004
2017,2017-09,1,Category D,543,535,871,5402,99.004
2017,2017-09,1,Category E,543,543,805,48005,99.004
2017,2017-09,2,Category A,1815,1815,3469,42902,99.004
2017,2017-09,2,Category B,1288,1288,1859,49189,99.004
2017,2017-09,2,Category C,453,453,706,46890,99.004
2017,2017-09,2,Category D,494,493,727,5501,99.004
2017,2017-09,2,Category E,565,563,905,49012,99.004
2017,2017-10,1,Category A,1829,1827,2808,41761,99.004
2017,2017-10,1,Category B,1285,1284,1646,48109,99.004
2017,2017-10,1,Category C,492,492,723,48902,99.004
2017,2017-10,1,Category D,485,484,721,5010,99.004
2017,2017-10,1,Category E,540,528,869,49000,99.004
2017,2017-10,2,Category A,1815,1809,2391,41617,99.004
2017,2017-10,2,Category B,1285,1277,1718,49996,99.004
2017,2017-10,2,Category C,445,443,611,51890,99.004
2017,2017-10,2,Category D,478,449,687,4903,99.004
2017,2017-10,2,Category E,542,539,809,52000,99.004
2017,2017-11,1,Category A,1683,1683,3430,47112,99.004
2017,2017-11,1,Category B,1376,1375,2515,57414,99.004
2017,2017-11,1,Category C,242,200,375,58036,99.004
2017,2017-11,1,Category D,509,502,683,5502,99.004
2017,2017-11,1,Category E,524,495,867,57000,99.004
2017,2017-11,2,Category A,1686,1679,2721,46791,99.004
2017,2017-11,2,Category B,1383,1383,2173,57390,99.004
2017,2017-11,2,Category C,244,241,356,57701,99.004
2017,2017-11,2,Category D,538,533,708,5992,99.004
2017,2017-11,2,Category E,516,498,844,57501,99.004
2017,2017-12,1,Category A,1680,1667,2158,42339,99.004
2017,2017-12,1,Category B,1375,1375,1805,53711,99.004
2017,2017-12,1,Category C,285,279,454,42000,99.004
2017,2017-12,1,Category D,516,500,791,6552,99.004
2017,2017-12,1,Category E,542,537,831,54334,99.004
2017,2017-12,2,Category A,1687,1654,1970,38200,99.004
2017,2017-12,2,Category B,1374,1367,1634,47002,99.004
2017,2017-12,2,Category C,246,232,482,45112,99.004
2017,2017-12,2,Category D,514,458,743,7501,99.004
2017,2017-12,2,Category E,531,529,1003,48011,99.004
2018,2018-01,1,Category A,1693,1693,2264,41400,99.438
2018,2018-01,1,Category B,1374,1368,1811,45289,99.438
2018,2018-01,1,Category C,249,247,458,40101,99.438
2018,2018-01,1,Category D,525,413,919,7701,99.438
2018,2018-01,1,Category E,518,518,923,47390,99.438
2018,2018-01,2,Category A,1713,1708,1938,36890,99.438
2018,2018-01,2,Category B,1381,1380,1654,42661,99.438
2018,2018-01,2,Category C,257,247,399,39000,99.438
2018,2018-01,2,Category D,565,500,786,8001,99.438
2018,2018-01,2,Category E,515,495,817,44000,99.438
2018,2018-02,1,Category A,1557,1534,2389,40000,99.438
2018,2018-02,1,Category B,1396,1396,1831,42322,99.438
2018,2018-02,1,Category C,249,249,486,38303,99.438
2018,2018-02,1,Category D,624,608,933,8451,99.438
2018,2018-02,1,Category E,566,562,790,39903,99.438
2018,2018-02,2,Category A,1562,1561,2073,36810,99.438
2018,2018-02,2,Category B,1391,1379,1744,39000,99.438
2018,2018-02,2,Category C,257,256,489,36859,99.438
2018,2018-02,2,Category D,577,568,1073,7667,99.438
2018,2018-02,2,Category E,586,581,1216,38801,99.438
2018,2018-03,1,Category A,1580,1572,2405,38830,99.438
2018,2018-03,1,Category B,1390,1390,1731,39001,99.438
2018,2018-03,1,Category C,247,202,446,36003,99.438
2018,2018-03,1,Category D,528,525,885,8009,99.438
2018,2018-03,1,Category E,571,525,967,39000,99.438
2018,2018-03,2,Category A,1559,1551,2117,38000,99.438
2018,2018-03,2,Category B,1402,1374,1639,37010,99.438
2018,2018-03,2,Category C,247,234,378,35001,99.438
2018,2018-03,2,Category D,522,517,803,7602,99.438
2018,2018-03,2,Category E,571,564,977,38000,99.438
2018,2018-04,1,Category A,1566,1564,1888,37000,99.438
2018,2018-04,1,Category B,1389,1388,1689,37605,99.438
2018,2018-04,1,Category C,292,290,500,34001,99.438
2018,2018-04,1,Category D,516,483,953,7114,99.438
2018,2018-04,1,Category E,612,604,967,38039,99.438
2018,2018-04,2,Category A,1566,1566,2027,38510,99.438
2018,2018-04,2,Category B,1417,1414,1919,37330,99.438
2018,2018-04,2,Category C,260,181,461,34202,99.438
2018,2018-04,2,Category D,518,515,727,7115,99.438
2018,2018-04,2,Category E,573,571,1027,38389,99.438
2018,2018-05,1,Category A,1435,1428,1836,38941,99.438
2018,2018-05,1,Category B,1280,1267,2155,38501,99.438
2018,2018-05,1,Category C,308,188,611,33190,99.438
2018,2018-05,1,Category D,560,515,1171,7204,99.438
2018,2018-05,1,Category E,565,562,1008,38600,99.438
2018,2018-05,2,Category A,1434,1422,1805,38001,99.438
2018,2018-05,2,Category B,1283,1247,1915,37989,99.438
2018,2018-05,2,Category C,385,382,786,29901,99.438
2018,2018-05,2,Category D,529,529,898,7115,99.438
2018,2018-05,2,Category E,558,533,836,38700,99.438
2018,2018-06,1,Category A,1441,1440,1696,36426,99.438
2018,2018-06,1,Category B,1293,1285,1727,36000,99.438
2018,2018-06,1,Category C,425,417,685,29902,99.438
2018,2018-06,1,Category D,572,487,828,7001,99.438
2018,2018-06,1,Category E,559,525,927,37000,99.438
2018,2018-06,2,Category A,1446,1437,1818,34110,99.438
2018,2018-06,2,Category B,1316,1311,1729,33900,99.438
2018,2018-06,2,Category C,308,293,548,32001,99.438
2018,2018-06,2,Category D,527,517,771,6889,99.438
2018,2018-06,2,Category E,581,580,868,34400,99.438
2018,2018-07,1,Category A,1435,1427,1626,25000,99.438
2018,2018-07,1,Category B,1288,1288,1637,31000,99.438
2018,2018-07,1,Category C,313,272,535,31092,99.438
2018,2018-07,1,Category D,612,587,807,6514,99.438
2018,2018-07,1,Category E,591,582,975,31001,99.438
2018,2018-07,2,Category A,1443,1412,3100,32699,99.438
2018,2018-07,2,Category B,1285,1278,1919,32551,99.438
2018,2018-07,2,Category C,320,249,538,30889,99.438
2018,2018-07,2,Category D,537,533,772,6189,99.438
2018,2018-07,2,Category E,558,558,1082,32809,99.438
2018,2018-08,1,Category A,1672,1672,3633,33798,99.438
2018,2018-08,1,Category B,1265,1256,2132,34381,99.438
2018,2018-08,1,Category C,379,330,549,30389,99.438
2018,2018-08,1,Category D,845,791,1208,5514,99.438
2018,2018-08,1,Category E,536,524,896,33420,99.438
2018,2018-08,2,Category A,1695,1695,2948,31997,99.438
2018,2018-08,2,Category B,1272,1259,2031,32429,99.438
2018,2018-08,2,Category C,409,204,635,29902,99.438
2018,2018-08,2,Category D,824,823,1176,4889,99.438
2018,2018-08,2,Category E,527,525,927,32311,99.438
2018,2018-09,1,Category A,1664,1661,2488,30209,99.438
2018,2018-09,1,Category B,1274,1268,1959,32001,99.438
2018,2018-09,1,Category C,386,381,612,27001,99.438
2018,2018-09,1,Category D,874,867,1213,4390,99.438
2018,2018-09,1,Category E,540,506,1006,31801,99.438
2018,2018-09,2,Category A,1664,1655,2059,28000,99.438
2018,2018-09,2,Category B,1278,1269,1859,31307,99.438
2018,2018-09,2,Category C,542,529,921,27104,99.438
2018,2018-09,2,Category D,821,821,1098,4214,99.438
2018,2018-09,2,Category E,530,519,928,32000,99.438
2018,2018-10,1,Category A,1668,1665,2059,28457,99.438
2018,2018-10,1,Category B,1271,1241,1886,31301,99.438
2018,2018-10,1,Category C,342,340,522,28501,99.438
2018,2018-10,1,Category D,827,809,1140,4109,99.438
2018,2018-10,1,Category E,561,543,1066,32552,99.438
2018,2018-10,2,Category A,1674,1672,1811,25556,99.438
2018,2018-10,2,Category B,1273,1267,1856,31302,99.438
2018,2018-10,2,Category C,350,349,470,29501,99.438
2018,2018-10,2,Category D,819,819,1201,3951,99.438
2018,2018-10,2,Category E,539,527,779,32900,99.438
2018,2018-11,1,Category A,1819,1757,1616,28199,99.438
2018,2018-11,1,Category B,1265,1262,2142,32302,99.438
2018,2018-11,1,Category C,332,332,460,29501,99.438
2018,2018-11,1,Category D,1121,1104,1543,2509,99.438
2018,2018-11,1,Category E,557,544,862,32000,99.438
2018,2018-11,2,Category A,1818,1744,2231,25000,99.438
2018,2018-11,2,Category B,1241,1234,1786,31101,99.438
2018,2018-11,2,Category C,331,327,580,27509,99.438
2018,2018-11,2,Category D,1103,1093,1423,2989,99.438
2018,2018-11,2,Category E,552,546,930,30959,99.438
2018,2018-12,1,Category A,1878,1878,2177,23568,99.438
2018,2018-12,1,Category B,1239,1230,1780,31001,99.438
2018,2018-12,1,Category C,329,328,489,27009,99.438
2018,2018-12,1,Category D,1121,1113,1483,3399,99.438
2018,2018-12,1,Category E,552,546,1021,30851,99.438
2018,2018-12,2,Category A,1890,1887,2729,25501,99.438
2018,2018-12,2,Category B,1243,1235,1804,31001,99.438
2018,2018-12,2,Category C,333,318,503,27001,99.438
2018,2018-12,2,Category D,1114,1114,1375,3789,99.438
2018,2018-12,2,Category E,545,545,778,31809,99.438
2019,2019-01,1,Category A,1815,1804,2707,25920,100
2019,2019-01,1,Category B,1245,1242,1818,32200,100
2019,2019-01,1,Category C,330,308,472,27002,100
2019,2019-01,1,Category D,1112,1103,1396,3610,100
2019,2019-01,1,Category E,546,540,776,32909,100
2019,2019-01,2,Category A,1818,1818,2864,26170,100
2019,2019-01,2,Category B,1244,1230,2119,33989,100
2019,2019-01,2,Category C,344,342,537,26230,100
2019,2019-01,2,Category D,1104,1104,1473,2889,100
2019,2019-01,2,Category E,540,530,797,33689,100
2019,2019-02,1,Category A,1662,1653,2371,25689,100
2019,2019-02,1,Category B,1202,1169,1937,34509,100
2019,2019-02,1,Category C,326,324,466,26378,100
2019,2019-02,1,Category D,834,834,1164,3709,100
2019,2019-02,1,Category E,403,392,545,35310,100
2019,2019-02,2,Category A,1650,1650,2261,26301,100
2019,2019-02,2,Category B,1214,1213,1993,35403,100
2019,2019-02,2,Category C,306,306,433,26914,100
2019,2019-02,2,Category D,826,817,1100,3689,100
2019,2019-02,2,Category E,407,407,658,36667,100
2019,2019-03,1,Category A,1659,1653,2213,26309,100
2019,2019-03,1,Category B,1233,1230,1903,36961,100
2019,2019-03,1,Category C,306,301,443,27010,100
2019,2019-03,1,Category D,825,822,1175,3602,100
2019,2019-03,1,Category E,408,405,689,37620,100
2019,2019-03,2,Category A,1650,1647,2204,26659,100
2019,2019-03,2,Category B,1201,1195,1878,39401,100
2019,2019-03,2,Category C,304,304,411,27021,100
2019,2019-03,2,Category D,834,825,1039,3469,100
2019,2019-03,2,Category E,397,396,730,41000,100
2019,2019-04,1,Category A,1656,1650,2338,29159,100
2019,2019-04,1,Category B,1202,1202,1782,43102,100
2019,2019-04,1,Category C,309,304,431,27589,100
2019,2019-04,1,Category D,829,803,1193,3501,100
2019,2019-04,1,Category E,400,391,648,48209,100
2019,2019-04,2,Category A,1653,1603,2249,33199,100
2019,2019-04,2,Category B,1205,1181,1634,48000,100
2019,2019-04,2,Category C,304,284,560,32001,100
2019,2019-04,2,Category D,835,834,1129,3452,100
2019,2019-04,2,Category E,398,391,667,52410,100
2019,2019-05,1,Category A,1431,1431,1988,36704,100
2019,2019-05,1,Category B,1139,1139,1360,48010,100
2019,2019-05,1,Category C,394,394,610,28559,100
2019,2019-05,1,Category D,923,896,1154,3352,100
2019,2019-05,1,Category E,384,379,513,52502,100
2019,2019-05,2,Category A,1475,1475,1799,27000,100
2019,2019-05,2,Category B,1163,1161,1407,42564,100
2019,2019-05,2,Category C,409,406,600,27400,100
2019,2019-05,2,Category D,898,886,1193,3202,100
2019,2019-05,2,Category E,382,375,626,47000,100
2019,2019-06,1,Category A,1424,1417,1902,30009,100
2019,2019-06,1,Category B,1139,1137,1346,39728,100
2019,2019-06,1,Category C,389,389,535,25502,100
2019,2019-06,1,Category D,925,920,1149,3090,100
2019,2019-06,1,Category E,380,375,724,42002,100
2019,2019-06,2,Category A,1424,1225,1742,26999,100
2019,2019-06,2,Category B,1141,1137,1418,35906,100
2019,2019-06,2,Category C,393,390,607,25501,100
2019,2019-06,2,Category D,909,906,1187,3000,100
2019,2019-06,2,Category E,381,380,536,39400,100
2019,2019-07,1,Category A,1431,1428,1795,28589,100
2019,2019-07,1,Category B,1141,1135,1390,34000,100
2019,2019-07,1,Category C,390,382,649,25089,100
2019,2019-07,1,Category D,902,890,1141,3081,100
2019,2019-07,1,Category E,379,377,523,36901,100
2019,2019-07,2,Category A,1623,1617,1902,26667,100
2019,2019-07,2,Category B,1143,1140,1677,39406,100
2019,2019-07,2,Category C,393,393,657,24599,100
2019,2019-07,2,Category D,900,897,1193,3554,100
2019,2019-07,2,Category E,375,367,751,39889,100
2019,2019-08,1,Category A,1059,1059,2023,32725,100
2019,2019-08,1,Category B,1047,1043,1487,40001,100
2019,2019-08,1,Category C,292,273,492,27800,100
2019,2019-08,1,Category D,751,751,1040,4400,100
2019,2019-08,1,Category E,357,353,589,40512,100
2019,2019-08,2,Category A,1062,1062,1725,31917,100
2019,2019-08,2,Category B,1045,1043,1415,38602,100
2019,2019-08,2,Category C,283,283,446,26501,100
2019,2019-08,2,Category D,742,574,1010,4301,100
2019,2019-08,2,Category E,363,353,593,40002,100
2019,2019-09,1,Category A,1056,1056,1656,31783,100
2019,2019-09,1,Category B,1046,1040,1289,36001,100
2019,2019-09,1,Category C,302,299,446,25502,100
2019,2019-09,1,Category D,739,712,1086,4089,100
2019,2019-09,1,Category E,359,350,552,37912,100
2019,2019-09,2,Category A,1056,1053,1453,31759,100
2019,2019-09,2,Category B,1044,1042,1418,37000,100
2019,2019-09,2,Category C,283,282,544,25556,100
2019,2019-09,2,Category D,907,893,1197,3601,100
2019,2019-09,2,Category E,365,350,632,40000,100
2019,2019-10,1,Category A,1057,1033,1659,34001,100
2019,2019-10,1,Category B,1048,1042,1559,41361,100
2019,2019-10,1,Category C,286,286,522,26509,100
2019,2019-10,1,Category D,765,763,1036,3800,100
2019,2019-10,1,Category E,364,358,601,41001,100
2019,2019-10,2,Category A,1060,1056,1467,32309,100
2019,2019-10,2,Category B,1044,1037,1503,41805,100
2019,2019-10,2,Category C,284,279,439,26001,100
2019,2019-10,2,Category D,753,746,989,3889,100
2019,2019-10,2,Category E,369,356,506,42020,100
2019,2019-11,1,Category A,1043,1031,1302,30000,100
2019,2019-11,1,Category B,1017,1016,1296,40009,100
2019,2019-11,1,Category C,318,318,440,25392,100
2019,2019-11,1,Category D,693,691,831,1,100
2019,2019-11,1,Category E,383,376,587,40101,100
2019,2019-11,2,Category A,1023,1012,1468,32000,100
2019,2019-11,2,Category B,1019,1016,1331,39700,100
2019,2019-11,2,Category C,322,322,495,24502,100
2019,2019-11,2,Category D,698,692,974,3921,100
2019,2019-11,2,Category E,390,383,540,40889,100
2019,2019-12,1,Category A,1030,1013,1386,33009,100
2019,2019-12,1,Category B,1013,1003,1265,37900,100
2019,2019-12,1,Category C,318,315,402,23704,100
2019,2019-12,1,Category D,693,678,908,3789,100
2019,2019-12,1,Category E,384,377,518,38889,100
2019,2019-12,2,Category A,1029,1013,1256,32889,100
2019,2019-12,2,Category B,1015,1015,1251,36000,100
2019,2019-12,2,Category C,318,307,441,23200,100
2019,2019-12,2,Category D,697,696,850,3658,100
2019,2019-12,2,Category E,384,373,496,37989,100
2020,2020-01,1,Category A,1035,1026,1450,35320,99.818
2020,2020-01,1,Category B,1022,1021,1229,37109,99.818
2020,2020-01,1,Category C,321,321,457,24402,99.818
2020,2020-01,1,Category D,707,706,1084,3989,99.818
2020,2020-01,1,Category E,384,377,541,38000,99.818
2020,2020-01,2,Category A,1034,1025,1390,35010,99.818
2020,2020-01,2,Category B,1012,1008,1157,37705,99.818
2020,2020-01,2,Category C,329,292,504,25001,99.818
2020,2020-01,2,Category D,693,693,936,4610,99.818
2020,2020-01,2,Category E,388,388,528,37500,99.818
2020,2020-02,1,Category A,982,977,1204,30010,99.818
2020,2020-02,1,Category B,984,980,1173,30890,99.818
2020,2020-02,1,Category C,314,314,504,25013,99.818
2020,2020-02,1,Category D,578,562,821,4401,99.818
2020,2020-02,1,Category E,335,330,525,34900,99.818
2020,2020-02,2,Category A,982,973,1564,32999,99.818
2020,2020-02,2,Category B,987,978,1459,32889,99.818
2020,2020-02,2,Category C,352,219,561,25001,99.818
2020,2020-02,2,Category D,577,574,729,4309,99.818
2020,2020-02,2,Category E,328,324,550,33301,99.818
2020,2020-03,1,Category A,978,973,1436,32699,99.818
2020,2020-03,1,Category B,987,987,1347,32801,99.818
2020,2020-03,1,Category C,315,315,504,24202,99.818
2020,2020-03,1,Category D,593,587,785,4310,99.818
2020,2020-03,1,Category E,333,331,512,32500,99.818
2020,2020-03,2,Category A,982,962,1421,31210,99.818
2020,2020-03,2,Category B,992,943,1366,30012,99.818
2020,2020-03,2,Category C,448,448,708,22002,99.818
2020,2020-03,2,Category D,581,576,757,4489,99.818
2020,2020-03,2,Category E,331,324,503,32500,99.818
2020,2020-07,1,Category A,1289,1286,3061,33520,99.818
2020,2020-07,1,Category B,1291,1260,3160,35889,99.818
2020,2020-07,1,Category C,489,481,866,24502,99.818
2020,2020-07,1,Category D,869,856,1611,7702,99.818
2020,2020-07,1,Category E,444,436,937,34989,99.818
2020,2020-07,2,Category A,1304,1290,2485,32699,99.818
2020,2020-07,2,Category B,1339,1316,2497,35001,99.818
2020,2020-07,2,Category C,489,482,759,23888,99.818
2020,2020-07,2,Category D,869,864,1355,6510,99.818
2020,2020-07,2,Category E,448,438,714,35001,99.818
2020,2020-08,1,Category A,1022,1007,2047,33000,99.818
2020,2020-08,1,Category B,932,928,1985,37102,99.818
2020,2020-08,1,Category C,358,354,658,24100,99.818
2020,2020-08,1,Category D,503,497,720,7701,99.818
2020,2020-08,1,Category E,472,466,784,36502,99.818
2020,2020-08,2,Category A,1034,1019,2099,35710,99.818
2020,2020-08,2,Category B,923,912,1727,38802,99.818
2020,2020-08,2,Category C,357,356,586,25006,99.818
2020,2020-08,2,Category D,495,491,797,7432,99.818
2020,2020-08,2,Category E,474,467,764,38110,99.818
2020,2020-09,1,Category A,1035,1035,1737,37766,99.818
2020,2020-09,1,Category B,904,892,1715,41510,99.818
2020,2020-09,1,Category C,354,350,525,26644,99.818
2020,2020-09,1,Category D,496,488,691,7399,99.818
2020,2020-09,1,Category E,470,470,672,40790,99.818
2020,2020-09,2,Category A,1034,1031,1540,38504,99.818
2020,2020-09,2,Category B,912,912,1497,40989,99.818
2020,2020-09,2,Category C,351,346,591,28589,99.818
2020,2020-09,2,Category D,494,492,642,7331,99.818
2020,2020-09,2,Category E,471,468,671,41001,99.818
2020,2020-10,1,Category A,912,907,1272,36534,99.818
2020,2020-10,1,Category B,805,800,1218,40690,99.818
2020,2020-10,1,Category C,316,314,587,33089,99.818
2020,2020-10,1,Category D,429,420,677,7451,99.818
2020,2020-10,1,Category E,427,426,688,40301,99.818
2020,2020-10,2,Category A,916,907,1323,37334,99.818
2020,2020-10,2,Category B,793,793,1272,40990,99.818
2020,2020-10,2,Category C,316,315,538,33778,99.818
2020,2020-10,2,Category D,423,410,560,7300,99.818
2020,2020-10,2,Category E,430,373,672,39889,99.818
2020,2020-11,1,Category A,967,952,1262,35990,99.818
2020,2020-11,1,Category B,1013,985,1415,39000,99.818
2020,2020-11,1,Category C,370,370,558,31502,99.818
2020,2020-11,1,Category D,533,532,727,7251,99.818
2020,2020-11,1,Category E,464,463,683,39500,99.818
2020,2020-11,2,Category A,972,966,1361,37690,99.818
2020,2020-11,2,Category B,1007,1006,1559,41101,99.818
2020,2020-11,2,Category C,369,367,597,30334,99.818
2020,2020-11,2,Category D,537,532,679,7300,99.818
2020,2020-11,2,Category E,520,512,803,41503,99.818
2020,2020-12,1,Category A,978,978,1620,40714,99.818
2020,2020-12,1,Category B,1035,1019,1712,45012,99.818
2020,2020-12,1,Category C,368,363,599,32889,99.818
2020,2020-12,1,Category D,526,522,767,7670,99.818
2020,2020-12,1,Category E,464,461,722,45510,99.818
2020,2020-12,2,Category A,969,966,1403,40556,99.818
2020,2020-12,2,Category B,1009,998,1631,49300,99.818
2020,2020-12,2,Category C,369,355,640,35201,99.818
2020,2020-12,2,Category D,530,507,710,7689,99.818
2020,2020-12,2,Category E,471,469,688,49500,99.818
2021,2021-01,1,Category A,-963,962,1280,40609,102.119
2021,2021-01,1,Category B,1023,1021,1396,49001,102.119
2021,2021-01,1,Category C,372,352,679,35900,102.119
2021,2021-01,1,Category D,529,498,692,7501,102.119
2021,2021-01,1,Category E,467,463,758,49489,102.119
2021,2021-01,2,Category A,966,946,1309,43501,102.119
2021,2021-01,2,Category B,1018,1018,1338,50100,102.119
2021,2021-01,2,Category C,381,378,671,40999,102.119
2021,2021-01,2,Category D,548,535,706,7589,102.119
2021,2021-01,2,Category E,466,458,705,51900,102.119
2021,2021-02,1,Category A,885,881,1098,42000,102.119
2021,2021-02,1,Category B,943,943,1107,46790,102.119
2021,2021-02,1,Category C,276,276,510,45001,102.119
2021,2021-02,1,Category D,572,572,705,7506,102.119
2021,2021-02,1,Category E,300,300,435,49778,102.119
2021,2021-02,2,Category A,903,900,1226,41001,102.119
2021,2021-02,2,Category B,942,938,1168,46002,102.119
2021,2021-02,2,Category C,259,223,424,40890,102.119
2021,2021-02,2,Category D,554,554,715,7500,102.119
2021,2021-02,2,Category E,304,302,503,47506,102.119
2021,2021-03,1,Category A,887,887,1175,41996,102.119
2021,2021-03,1,Category B,942,926,1121,45001,102.119
2021,2021-03,1,Category C,255,248,480,37513,102.119
2021,2021-03,1,Category D,542,524,707,7752,102.119
2021,2021-03,1,Category E,296,296,450,47001,102.119
2021,2021-03,2,Category A,886,879,1186,44589,102.119
2021,2021-03,2,Category B,946,932,1222,47001,102.119
2021,2021-03,2,Category C,292,286,507,39589,102.119
2021,2021-03,2,Category D,542,538,700,7791,102.119
2021,2021-03,2,Category E,298,291,430,47806,102.119
2021,2021-04,1,Category A,883,880,1212,45600,102.119
2021,2021-04,1,Category B,958,949,1524,52309,102.119
2021,2021-04,1,Category C,263,263,488,36134,102.119
2021,2021-04,1,Category D,560,524,735,8000,102.119
2021,2021-04,1,Category E,296,286,635,52200,102.119
2021,2021-04,2,Category A,890,883,1290,49640,102.119
2021,2021-04,2,Category B,956,949,1585,61190,102.119
2021,2021-04,2,Category C,262,256,441,44001,102.119
2021,2021-04,2,Category D,546,532,734,8000,102.119
2021,2021-04,2,Category E,303,295,633,62100,102.119
2021,2021-05,1,Category A,832,803,1100,48002,102.119
2021,2021-05,1,Category B,819,813,1244,60001,102.119
2021,2021-05,1,Category C,157,119,261,43001,102.119
2021,2021-05,1,Category D,650,639,901,8011,102.119
2021,2021-05,1,Category E,268,268,387,63002,102.119
2021,2021-05,2,Category A,835,834,1209,41801,102.119
2021,2021-05,2,Category B,817,817,1089,58089,102.119
2021,2021-05,2,Category C,164,83,315,41701,102.119
2021,2021-05,2,Category D,628,625,904,8701,102.119
2021,2021-05,2,Category E,266,260,400,62000,102.119
2021,2021-06,1,Category A,858,820,1439,48510,102.119
2021,2021-06,1,Category B,815,784,1107,60109,102.119
2021,2021-06,1,Category C,195,190,413,37002,102.119
2021,2021-06,1,Category D,626,624,776,8703,102.119
2021,2021-06,1,Category E,259,259,331,61112,102.119
2021,2021-06,2,Category A,830,823,1178,47821,102.119
2021,2021-06,2,Category B,809,799,983,56032,102.119
2021,2021-06,2,Category C,238,229,478,37000,102.119
2021,2021-06,2,Category D,618,577,864,8501,102.119
2021,2021-06,2,Category E,265,257,519,58001,102.119
2021,2021-07,1,Category A,867,864,1149,45001,102.119
2021,2021-07,1,Category B,840,840,1087,56100,102.119
2021,2021-07,1,Category C,162,159,340,38900,102.119
2021,2021-07,1,Category D,616,612,760,8502,102.119
2021,2021-07,1,Category E,259,257,416,57700,102.119
2021,2021-07,2,Category A,836,832,1240,47010,102.119
2021,2021-07,2,Category B,819,796,1107,59501,102.119
2021,2021-07,2,Category C,166,163,337,39523,102.119
2021,2021-07,2,Category D,655,649,863,8689,102.119
2021,2021-07,2,Category E,267,266,408,60001,102.119
2021,2021-08,1,Category A,805,804,1021,45189,102.119
2021,2021-08,1,Category B,771,751,980,56001,102.119
2021,2021-08,1,Category C,118,111,233,42589,102.119
2021,2021-08,1,Category D,449,449,667,8899,102.119
2021,2021-08,1,Category E,199,190,288,59599,102.119
2021,2021-08,2,Category A,806,806,1127,46689,102.119
2021,2021-08,2,Category B,794,793,1065,61001,102.119
2021,2021-08,2,Category C,118,113,220,40010,102.119
2021,2021-08,2,Category D,451,447,635,9500,102.119
2021,2021-08,2,Category E,198,197,408,64901,102.119
2021,2021-09,1,Category A,804,790,1124,47000,102.119
2021,2021-09,1,Category B,791,788,1080,62600,102.119
2021,2021-09,1,Category C,122,113,211,40001,102.119
2021,2021-09,1,Category D,445,445,562,9689,102.119
2021,2021-09,1,Category E,206,190,319,64700,102.119
2021,2021-09,2,Category A,803,795,1040,48000,102.119
2021,2021-09,2,Category B,772,768,1189,68310,102.119
2021,2021-09,2,Category C,120,110,203,39000,102.119
2021,2021-09,2,Category D,449,443,658,9089,102.119
2021,2021-09,2,Category E,198,186,400,70002,102.119
2021,2021-10,1,Category A,816,812,1077,47001,102.119
2021,2021-10,1,Category B,774,774,1130,70200,102.119
2021,2021-10,1,Category C,125,123,233,38890,102.119
2021,2021-10,1,Category D,444,438,633,9052,102.119
2021,2021-10,1,Category E,214,200,442,72756,102.119
2021,2021-10,2,Category A,811,806,1304,52709,102.119
2021,2021-10,2,Category B,774,767,1240,80210,102.119
2021,2021-10,2,Category C,126,125,252,40501,102.119
2021,2021-10,2,Category D,450,449,597,9310,102.119
2021,2021-10,2,Category E,210,191,391,85000,102.119
2021,2021-11,1,Category A,536,531,834,53709,102.119
2021,2021-11,1,Category B,587,581,839,82801,102.119
2021,2021-11,1,Category C,92,89,173,42001,102.119
2021,2021-11,1,Category D,417,409,543,9381,102.119
2021,2021-11,1,Category E,159,155,257,88000,102.119
2021,2021-11,2,Category A,537,535,706,55001,102.119
2021,2021-11,2,Category B,594,585,797,79601,102.119
2021,2021-11,2,Category C,91,91,164,43502,102.119
2021,2021-11,2,Category D,412,397,557,9381,102.119
2021,2021-11,2,Category E,164,133,253,86001,102.119
2021,2021-12,1,Category A,536,525,771,57010,102.119
2021,2021-12,1,Category B,593,593,822,80401,102.119
2021,2021-12,1,Category C,93,93,147,45000,102.119
2021,2021-12,1,Category D,420,400,584,9401,102.119
2021,2021-12,1,Category E,149,145,245,85000,102.119
2021,2021-12,2,Category A,534,534,740,58801,102.119
2021,2021-12,2,Category B,595,590,829,80989,102.119
2021,2021-12,2,Category C,90,89,150,44000,102.119
2021,2021-12,2,Category D,426,422,562,9601,102.119
2021,2021-12,2,Category E,177,177,241,83889,102.119
2022,2022-01,1,Category A,543,533,760,57599,108.671
2022,2022-01,1,Category B,587,586,712,77700,108.671
2022,2022-01,1,Category C,90,87,198,42200,108.671
2022,2022-01,1,Category D,431,429,573,9689,108.671
2022,2022-01,1,Category E,149,149,193,82501,108.671
2022,2022-01,2,Category A,531,526,711,57898,108.671
2022,2022-01,2,Category B,592,583,907,82001,108.671
2022,2022-01,2,Category C,91,91,149,43001,108.671
2022,2022-01,2,Category D,416,401,520,10000,108.671
2022,2022-01,2,Category E,145,145,226,83911,108.671
2022,2022-02,1,Category A,542,542,819,60761,108.671
2022,2022-02,1,Category B,550,549,865,86102,108.671
2022,2022-02,1,Category C,80,80,149,44001,108.671
2022,2022-02,1,Category D,406,405,555,10010,108.671
2022,2022-02,1,Category E,180,171,269,87000,108.671
2022,2022-02,2,Category A,536,524,876,63000,108.671
2022,2022-02,2,Category B,559,554,939,93590,108.671
2022,2022-02,2,Category C,76,61,194,46501,108.671
2022,2022-02,2,Category D,420,416,521,10589,108.671
2022,2022-02,2,Category E,180,180,300,93102,108.671
2022,2022-03,1,Category A,531,526,962,68501,108.671
2022,2022-03,1,Category B,551,551,860,94889,108.671
2022,2022-03,1,Category C,76,67,199,48889,108.671
2022,2022-03,1,Category D,405,403,602,11400,108.671
2022,2022-03,1,Category E,190,190,318,98890,108.671
2022,2022-03,2,Category A,543,542,849,71556,108.671
2022,2022-03,2,Category B,555,545,824,98889,108.671
2022,2022-03,2,Category C,91,91,166,51504,108.671
2022,2022-03,2,Category D,409,409,575,10501,108.671
2022,2022-03,2,Category E,180,177,344,99010,108.671
2022,2022-03,3,Category A,560,888,911,34522,108.671
2022,2022-04,1,Category A,536,536,723,72996,108.671
2022,2022-04,1,Category B,550,550,708,98389,108.671
2022,2022-04,1,Category C,85,84,210,54901,108.671
2022,2022-04,1,Category D,407,405,561,10503,108.671
2022,2022-04,1,Category E,180,174,290,99999,108.671
2022,2022-04,2,Category A,532,519,744,68699,108.671
2022,2022-04,2,Category B,560,559,687,90002,108.671
2022,2022-04,2,Category C,76,76,181,52002,108.671
2022,2022-04,2,Category D,404,355,539,9801,108.671
2022,2022-04,2,Category E,184,182,295,95801,108.671
2022,2022-05,1,Category A,612,612,804,70901,108.671
2022,2022-05,1,Category B,527,526,699,92090,108.671
2022,2022-05,1,Category C,104,100,184,50890,108.671
2022,2022-05,1,Category D,563,560,773,9489,108.671
2022,2022-05,1,Category E,195,195,283,91112,108.671
2022,2022-05,2,Category A,625,623,819,68001,108.671
2022,2022-05,2,Category B,528,523,709,95889,108.671
2022,2022-05,2,Category C,103,103,220,51501,108.671
2022,2022-05,2,Category D,609,600,899,9490,108.671
2022,2022-05,2,Category E,191,187,309,95901,108.671
2022,2022-06,1,Category A,612,607,874,73801,108.671
2022,2022-06,1,Category B,528,528,851,100684,108.671
2022,2022-06,1,Category C,107,107,203,53002,108.671
2022,2022-06,1,Category D,563,542,859,10000,108.671
2022,2022-06,1,Category E,190,185,316,100697,108.671
2022,2022-06,2,Category A,614,598,850,74989,108.671
2022,2022-06,2,Category B,531,531,822,106001,108.671
2022,2022-06,2,Category C,103,103,224,53011,108.671
2022,2022-06,2,Category D,570,570,717,10302,108.671
2022,2022-06,2,Category E,194,190,276,104400,108.671
